How are you,i am fine

What are you doing,Doing programming

What do you love,doing programming

What do you love,doing programming

What do you love,doing programming

What do you love,doing programming

What do you love,doing programming

What do you love,doing programming

What do you love,doing programming

How are you,i am fine

How are you,i am fine

How are you,i am fine

What are you doing,Doing programming

How are you,i am fine

how are you,i am fine

what is your hobby,Singing

How are you,i am fine

what do you love,doing programming

How are you,i am fine

How are you,i am fine

What is your Hobby,Singing

What do you love,doing programming

What do you love,doing programming

What do you love,doing programming

How are you,i am fine

what is your hobby,Singing

what is your hob,Singing

What do you love,doing programming

chugli kon karti hai,"No,Yes I am"

chugli kon karti hai,Aarti

chugli kon karti hai,Aarti

